#Timestamp (UTC_TIME),VARIABLE: TT60.BCTFI.610225:INT_EXTR1
2016-08-16 00:00:31.335,15.702
2016-08-16 00:01:04.935,14.139
2016-08-16 00:01:38.535,15.344
2016-08-16 00:02:12.135,15.203
2016-08-16 00:02:45.735,13.494
2016-08-16 00:03:19.335,15.335
2016-08-16 00:03:52.935,0.932
2016-08-16 00:04:26.535,2.829
2016-08-16 00:05:00.135,4.633
2016-08-16 00:05:33.735,1.271
2016-08-16 00:06:07.335,12.451
2016-08-16 00:06:40.935,14.189
2016-08-16 00:07:14.535,15.869
2016-08-16 00:07:48.135,14.682
2016-08-16 00:08:21.735,13.957
2016-08-16 00:08:55.335,13.961
2016-08-16 00:09:28.935,14.359
2016-08-16 00:10:02.535,14.557
2016-08-16 00:10:36.135,15.033
2016-08-16 00:11:09.735,1.493
2016-08-16 00:11:43.335,0.871
2016-08-16 00:12:16.935,0.122
2016-08-16 00:12:50.535,0.568
2016-08-16 00:13:24.135,14.673
2016-08-16 00:13:57.735,0.839
2016-08-16 00:14:31.335,0.363
2016-08-16 00:15:04.935,14.642
2016-08-16 00:15:38.535,1.762
2016-08-16 00:16:12.135,15.253
2016-08-16 00:16:45.735,13.327
2016-08-16 00:17:19.335,13.938
2016-08-16 00:17:52.935,16.753
2016-08-16 00:18:26.535,14.51
2016-08-16 00:19:00.135,16.878
2016-08-16 00:19:33.735,13.725
2016-08-16 00:20:07.335,18.276
2016-08-16 00:20:40.935,13.543
2016-08-16 00:21:14.535,16.853
2016-08-16 00:21:48.135,1.306
2016-08-16 00:22:21.735,1.028
2016-08-16 00:22:55.335,0.592
2016-08-16 00:23:28.935,1.046
2016-08-16 00:24:02.535,0.707
2016-08-16 00:24:36.135,1.379
2016-08-16 00:25:09.735,0.896
2016-08-16 00:25:43.335,0.33
2016-08-16 00:26:16.935,14.051
2016-08-16 00:26:50.535,1.5
2016-08-16 00:27:24.135,0.938
2016-08-16 00:27:57.735,1.696
2016-08-16 00:28:31.335,3.978
2016-08-16 00:29:04.935,2.875
2016-08-16 00:29:38.535,2.814
2016-08-16 00:30:12.135,2.581
2016-08-16 00:30:45.735,0.805
2016-08-16 00:31:19.335,13.946
2016-08-16 00:31:52.935,13.524
2016-08-16 00:32:26.535,16.425
2016-08-16 00:33:00.135,15.477
2016-08-16 00:33:33.735,15.858
2016-08-16 00:34:07.335,14.393
2016-08-16 00:34:40.935,13.598
2016-08-16 00:35:14.535,13.959
2016-08-16 00:35:48.135,17.145
2016-08-16 00:36:21.735,14.102
2016-08-16 00:36:55.335,13.447
2016-08-16 00:37:28.935,13.226
2016-08-16 00:38:02.535,13.79
2016-08-16 00:38:36.135,16.833
2016-08-16 00:39:09.735,13.625
2016-08-16 00:39:43.335,13.4
2016-08-16 00:40:16.935,14.943
2016-08-16 00:40:50.535,13.995
2016-08-16 00:41:24.135,13.741
2016-08-16 00:41:57.735,13.976
2016-08-16 00:42:31.335,18.462
2016-08-16 00:43:04.935,14.334
2016-08-16 00:43:38.535,16.275
2016-08-16 00:44:12.135,15.895
2016-08-16 00:44:45.735,14.735
2016-08-16 00:45:19.335,14.847
2016-08-16 00:45:52.935,15.497
2016-08-16 00:46:26.535,14.961
2016-08-16 00:47:00.135,15.5
2016-08-16 00:47:33.735,13.472
2016-08-16 00:48:07.335,17.196
2016-08-16 00:48:40.935,14.695
2016-08-16 00:49:14.535,15.407
2016-08-16 00:49:48.135,13.328
2016-08-16 00:50:21.735,14.849
2016-08-16 00:50:55.335,14.559
2016-08-16 00:51:28.935,13.489
2016-08-16 00:52:02.535,16.178
2016-08-16 00:52:36.135,13.759
2016-08-16 00:53:09.735,16.618
2016-08-16 00:53:43.335,14.42
2016-08-16 00:54:16.935,19.108
2016-08-16 00:54:50.535,15.629
2016-08-16 00:55:24.135,14.77
2016-08-16 00:55:57.735,15.044
2016-08-16 00:56:31.335,14.905
2016-08-16 00:57:04.935,14.839
2016-08-16 00:57:38.535,16.117
2016-08-16 00:58:12.135,12.94
2016-08-16 00:58:45.735,14.12
2016-08-16 00:59:19.335,0.62
2016-08-16 00:59:52.935,3.944
2016-08-16 01:00:26.535,1.033
2016-08-16 01:01:00.135,2.915
2016-08-16 01:01:33.735,3.411
2016-08-16 01:02:07.335,0.603
2016-08-16 01:02:40.935,2.995
2016-08-16 01:03:14.535,0.691
2016-08-16 01:03:48.135,2.53
2016-08-16 01:04:21.735,0.633
2016-08-16 01:04:55.335,3.11
2016-08-16 01:05:28.935,4.448
2016-08-16 01:06:02.535,1.775
2016-08-16 01:06:36.135,1.836
2016-08-16 01:07:09.735,2.564
2016-08-16 01:07:43.335,12.86
2016-08-16 01:08:16.935,9.976
2016-08-16 01:08:50.535,8.857
2016-08-16 01:09:24.135,11.35
2016-08-16 01:09:57.735,7.853
2016-08-16 01:10:31.335,9.978
2016-08-16 01:11:04.935,7.707
2016-08-16 01:11:38.535,8.822
2016-08-16 01:12:12.135,9.318
2016-08-16 01:12:45.735,9.749
2016-08-16 01:13:19.335,6.911
2016-08-16 01:13:52.935,12.027
2016-08-16 01:14:26.535,9.667
2016-08-16 01:15:00.135,6.985
2016-08-16 01:15:33.735,10.595
2016-08-16 01:16:07.335,9.96
2016-08-16 01:16:40.935,8.779
2016-08-16 01:17:14.535,10.574
2016-08-16 01:17:48.135,8.56
2016-08-16 01:18:21.735,8.459
2016-08-16 01:18:55.335,7.53
2016-08-16 01:19:28.935,7.186
2016-08-16 01:20:02.535,9.078
2016-08-16 01:20:36.135,8.345
2016-08-16 01:21:09.735,8.231
2016-08-16 01:21:43.335,8.674
2016-08-16 01:22:16.935,7.795
2016-08-16 01:22:50.535,8.976
2016-08-16 01:23:24.135,9.476
2016-08-16 01:23:57.735,7.024
2016-08-16 01:24:31.335,9.71
2016-08-16 01:25:04.935,8.583
2016-08-16 01:25:38.535,8.325
2016-08-16 01:26:12.135,8.733
2016-08-16 01:26:45.735,7.484
2016-08-16 01:27:19.335,7.514
2016-08-16 01:27:52.935,8.775
2016-08-16 01:28:26.535,8.549
2016-08-16 01:29:00.135,10.369
2016-08-16 01:29:33.735,9.493
2016-08-16 01:30:07.335,13.118
2016-08-16 01:30:40.935,7.655
2016-08-16 01:31:14.535,8.236
2016-08-16 01:31:48.135,10.077
2016-08-16 01:32:21.735,8.125
2016-08-16 01:32:55.335,7.646
2016-08-16 01:33:28.935,8.935
2016-08-16 01:34:02.535,6.847
2016-08-16 01:34:36.135,7.385
2016-08-16 01:35:09.735,11.609
2016-08-16 01:35:43.335,10.636
2016-08-16 01:36:16.935,7.1
2016-08-16 01:36:50.535,10.587
2016-08-16 01:37:24.135,8.899
2016-08-16 01:37:57.735,12.628
2016-08-16 01:38:31.335,7.982
2016-08-16 01:39:04.935,8.288
2016-08-16 01:39:38.535,10.071
2016-08-16 01:40:12.135,9.912
2016-08-16 01:40:45.735,8.188
2016-08-16 01:41:19.335,1.594
2016-08-16 01:41:52.935,6.906
2016-08-16 01:42:26.535,4.204
2016-08-16 01:43:00.135,1.927
2016-08-16 01:43:33.735,0.726
2016-08-16 01:44:07.335,0.826
2016-08-16 01:44:40.935,2.8
2016-08-16 01:45:14.535,1.843
2016-08-16 01:45:48.135,0.682
2016-08-16 01:46:21.735,1.887
2016-08-16 01:46:55.335,2.571
2016-08-16 01:47:28.935,0.946
2016-08-16 01:48:02.535,1.114
2016-08-16 01:48:36.135,1.145
2016-08-16 01:49:09.735,0.75
2016-08-16 01:49:43.335,1.207
2016-08-16 01:50:16.935,2.203
2016-08-16 01:50:50.535,0.604
2016-08-16 01:51:24.135,1.58
2016-08-16 01:51:57.735,0.267
2016-08-16 01:52:31.335,0.336
2016-08-16 01:53:04.935,0.694
2016-08-16 01:53:38.535,1.811
2016-08-16 01:54:12.135,1.638
2016-08-16 01:54:45.735,1.34
2016-08-16 01:55:19.335,0.472
2016-08-16 01:55:52.935,0.843
2016-08-16 01:56:26.535,0.624
2016-08-16 01:57:00.135,0.909
2016-08-16 01:57:33.735,1.714
2016-08-16 01:58:07.335,1.243
2016-08-16 01:58:40.935,1.602
2016-08-16 01:59:14.535,2.807
2016-08-16 01:59:48.135,3.703
2016-08-16 02:00:21.735,0.615
2016-08-16 02:00:55.335,0.726
2016-08-16 02:01:28.935,1.438
2016-08-16 02:02:02.535,1.751
2016-08-16 02:02:36.135,1.351
2016-08-16 02:03:09.735,0.648
2016-08-16 02:03:43.335,1.08
2016-08-16 02:04:16.935,2.443
2016-08-16 02:04:50.535,1.184
2016-08-16 02:05:24.135,0.786
2016-08-16 02:05:57.735,5.463
2016-08-16 02:06:31.335,1.527
2016-08-16 02:07:04.935,2.984
2016-08-16 02:07:38.535,0.73
2016-08-16 02:08:12.135,0.456
2016-08-16 02:08:45.735,1.647
2016-08-16 02:09:19.335,2.187
2016-08-16 02:09:52.935,0.609
2016-08-16 02:10:26.535,0.276
2016-08-16 02:11:00.135,0.762
2016-08-16 02:11:33.735,0.29
2016-08-16 02:12:07.335,1.664
2016-08-16 02:12:40.935,2.953
2016-08-16 02:13:14.535,0.883
2016-08-16 02:13:48.135,1.681
2016-08-16 02:14:21.735,0.301
2016-08-16 02:14:55.335,1.202
2016-08-16 02:15:28.935,1.009
2016-08-16 02:16:02.535,0.391
2016-08-16 02:16:36.135,1.363
2016-08-16 02:17:09.735,1.059
2016-08-16 02:17:43.335,0.231
2016-08-16 02:18:16.935,3.393
2016-08-16 02:18:50.535,2.729
2016-08-16 02:19:24.135,1.844
2016-08-16 02:19:57.735,0.667
2016-08-16 02:20:31.335,2.879
2016-08-16 02:21:04.935,2.886
2016-08-16 02:21:38.535,1.025
2016-08-16 02:22:12.135,1.643
2016-08-16 02:22:45.735,0.95
2016-08-16 02:23:19.335,1.325
2016-08-16 02:23:52.935,2.464
2016-08-16 02:24:26.535,2.324
2016-08-16 02:25:00.135,2.549
2016-08-16 02:25:33.735,2.756
2016-08-16 02:26:07.335,2.023
2016-08-16 02:26:40.935,1.66
2016-08-16 02:27:14.535,2.516
2016-08-16 02:27:48.135,0.459
2016-08-16 02:28:21.735,1.291
2016-08-16 02:28:55.335,3.443
2016-08-16 02:29:28.935,1.012
2016-08-16 02:30:02.535,1.355
2016-08-16 02:30:36.135,0.27
2016-08-16 02:31:09.735,0.567
2016-08-16 02:31:43.335,1.988
2016-08-16 02:32:16.935,0.975
2016-08-16 02:32:50.535,1.101
2016-08-16 02:33:24.135,1.558
2016-08-16 02:33:57.735,0.822
2016-08-16 02:34:31.335,1.497
2016-08-16 02:35:04.935,0.875
2016-08-16 02:35:38.535,0.593
2016-08-16 02:36:12.135,0.544
2016-08-16 02:36:45.735,0.616
2016-08-16 02:37:19.335,2.18
2016-08-16 02:37:52.935,1.29
2016-08-16 02:38:26.535,0.858
2016-08-16 02:39:00.135,1.793
2016-08-16 02:39:33.735,1.49
2016-08-16 02:40:07.335,0.848
2016-08-16 02:40:40.935,1.213
2016-08-16 02:41:14.535,1.14
2016-08-16 02:41:48.135,3.747
2016-08-16 02:42:21.735,0.481
2016-08-16 02:42:55.335,1.133
2016-08-16 02:43:28.935,1.579
2016-08-16 02:44:02.535,1.138
2016-08-16 02:44:36.135,1.228
2016-08-16 02:45:09.735,0.767
2016-08-16 02:45:43.335,3.101
2016-08-16 02:46:16.935,1.062
2016-08-16 02:46:50.535,0.714
2016-08-16 02:47:24.135,3.417
2016-08-16 02:47:57.735,3.846
2016-08-16 02:48:31.335,0.671
2016-08-16 02:49:04.935,0.564
2016-08-16 02:49:38.535,2.442
2016-08-16 02:50:12.135,2.488
2016-08-16 02:50:45.735,0.984
2016-08-16 02:51:19.335,1.089
2016-08-16 02:51:52.935,1.142
2016-08-16 02:52:26.535,2.878
2016-08-16 02:53:00.135,1.173
2016-08-16 02:53:33.735,1.577
2016-08-16 02:54:07.335,0.493
2016-08-16 02:54:40.935,4.172
2016-08-16 02:55:14.535,0.825
2016-08-16 02:55:48.135,0.847
2016-08-16 02:56:21.735,2.177
2016-08-16 02:56:55.335,0.946
2016-08-16 02:57:28.935,6.193
2016-08-16 02:58:02.535,0.157
2016-08-16 02:58:36.135,0.108
2016-08-16 02:59:09.735,3.479
2016-08-16 02:59:43.335,1.518
2016-08-16 03:00:16.935,0.748
2016-08-16 03:00:50.535,0.44
2016-08-16 03:01:24.135,0.355
2016-08-16 03:01:57.735,1.191
2016-08-16 03:02:31.335,0.539
2016-08-16 03:03:04.935,2.445
2016-08-16 03:03:38.535,1.188
2016-08-16 03:04:12.135,1.085
2016-08-16 03:04:45.735,3.689
2016-08-16 03:05:19.335,4.111
2016-08-16 03:05:52.935,1.184
2016-08-16 03:06:26.535,1.98
2016-08-16 03:07:00.135,0.996
2016-08-16 03:07:33.735,1.623
2016-08-16 03:08:07.335,5.873
2016-08-16 03:08:40.935,2.368
2016-08-16 03:09:14.535,1.802
2016-08-16 03:09:48.135,1.825
2016-08-16 03:10:21.735,1.248
2016-08-16 03:10:55.335,0.788
2016-08-16 03:11:28.935,0.4
2016-08-16 03:12:02.535,1.136
2016-08-16 03:12:36.135,1.479
2016-08-16 03:13:09.735,2.96
2016-08-16 03:13:43.335,1.29
2016-08-16 03:14:16.935,0.634
2016-08-16 03:14:50.535,0.409
2016-08-16 03:15:24.135,2.236
2016-08-16 03:15:57.735,0.631
2016-08-16 03:16:31.335,1.704
2016-08-16 03:17:04.935,1.168
2016-08-16 03:17:38.535,0.938
2016-08-16 03:18:12.135,0.916
2016-08-16 03:18:45.735,1.157
2016-08-16 03:19:19.335,0.774
2016-08-16 03:19:52.935,3.613
2016-08-16 03:20:26.535,0.164
2016-08-16 03:21:00.135,1.529
2016-08-16 03:21:33.735,1.324
2016-08-16 03:22:07.335,1.078
2016-08-16 03:22:40.935,2.691
2016-08-16 03:23:14.535,1.054
2016-08-16 03:23:48.135,0.797
2016-08-16 03:24:21.735,1.136
2016-08-16 03:24:55.335,1.391
2016-08-16 03:25:28.935,1.458
2016-08-16 03:26:02.535,4.218
2016-08-16 03:26:36.135,0.912
2016-08-16 03:27:09.735,0.785
2016-08-16 03:27:43.335,1.829
2016-08-16 03:28:16.935,0.71
2016-08-16 03:28:50.535,1.924
2016-08-16 03:29:24.135,0.693
2016-08-16 03:29:57.735,2.039
2016-08-16 03:30:31.335,0.94
2016-08-16 03:31:04.935,4.365
2016-08-16 03:31:38.535,1.31
2016-08-16 03:32:12.135,0.777
2016-08-16 03:32:45.735,2.039
2016-08-16 03:33:19.335,0.722
2016-08-16 03:33:52.935,0.869
2016-08-16 03:34:26.535,1.041
2016-08-16 03:35:00.135,0.327
2016-08-16 03:35:33.735,4.384
2016-08-16 03:36:07.335,1.487
2016-08-16 03:36:40.935,2.914
2016-08-16 03:37:14.535,0.513
2016-08-16 03:37:48.135,0.614
2016-08-16 03:38:21.735,2.312
2016-08-16 03:38:55.335,0.755
2016-08-16 03:39:28.935,2.448
2016-08-16 03:40:02.535,0.847
2016-08-16 03:40:36.135,1.613
2016-08-16 03:41:09.735,0.338
2016-08-16 03:41:43.335,0.929
2016-08-16 03:42:16.935,4.788
2016-08-16 03:42:50.535,0.68
2016-08-16 03:43:24.135,0.263
2016-08-16 03:43:57.735,0.895
2016-08-16 03:44:31.335,5.468
2016-08-16 03:45:04.935,0.9
2016-08-16 03:45:38.535,0.646
2016-08-16 03:46:12.135,0.371
2016-08-16 03:46:45.735,1.937
2016-08-16 03:47:19.335,0.828
2016-08-16 03:47:52.935,1.157
2016-08-16 03:48:26.535,1.52
2016-08-16 03:49:00.135,2.23
2016-08-16 03:49:33.735,1.117
2016-08-16 03:50:07.335,1.449
2016-08-16 03:50:40.935,0.428
2016-08-16 03:51:14.535,2.306
2016-08-16 03:51:48.135,0.252
2016-08-16 03:52:21.735,2.092
2016-08-16 03:52:55.335,0.323
2016-08-16 03:53:28.935,2.867
2016-08-16 03:54:02.535,0.967
2016-08-16 03:54:36.135,0.985
2016-08-16 03:55:09.735,0.558
2016-08-16 03:55:43.335,2.304
2016-08-16 03:56:16.935,0.29
2016-08-16 03:56:50.535,1.002
2016-08-16 03:57:24.135,1.413
2016-08-16 03:57:57.735,1.097
2016-08-16 03:58:31.335,0.758
2016-08-16 03:59:04.935,2.161
2016-08-16 03:59:38.535,1.845
2016-08-16 04:00:12.135,0.854
2016-08-16 04:00:45.735,1.733
2016-08-16 04:01:19.335,0.733
2016-08-16 04:01:52.935,0.968
2016-08-16 04:02:26.535,3.465
2016-08-16 04:03:00.135,2.023
2016-08-16 04:03:33.735,1.364
2016-08-16 04:04:07.335,1.358
2016-08-16 04:04:40.935,0.556
2016-08-16 04:05:14.535,0.788
2016-08-16 04:05:48.135,1.198
2016-08-16 04:06:21.735,1.061
2016-08-16 04:06:55.335,0.106
2016-08-16 04:07:28.935,0.415
2016-08-16 04:08:02.535,0.35
2016-08-16 04:08:36.135,0.978
2016-08-16 04:09:09.735,1.88
2016-08-16 04:09:43.335,2.148
2016-08-16 04:10:16.935,4.024
2016-08-16 04:10:50.535,0.577
2016-08-16 04:11:24.135,0.878
2016-08-16 04:11:57.735,1.544
2016-08-16 04:12:31.335,1.13
2016-08-16 04:13:04.935,0.502
2016-08-16 04:13:38.535,1.075
2016-08-16 04:14:12.135,0.939
2016-08-16 04:14:45.735,1.067
2016-08-16 04:15:19.335,2.244
2016-08-16 04:15:52.935,0.727
2016-08-16 04:16:26.535,1.579
2016-08-16 04:17:00.135,0.821
2016-08-16 04:17:33.735,2.005
2016-08-16 04:18:07.335,0.502
2016-08-16 04:18:40.935,0.106
2016-08-16 04:19:14.535,0.576
2016-08-16 04:19:48.135,2.138
2016-08-16 04:20:21.735,2.924
2016-08-16 04:20:55.335,1.116
2016-08-16 04:21:28.935,3.711
2016-08-16 04:22:02.535,1.269
2016-08-16 04:22:36.135,1.293
2016-08-16 04:23:09.735,2.026
2016-08-16 04:23:43.335,1.328
2016-08-16 04:24:16.935,1.37
2016-08-16 04:24:50.535,2.791
2016-08-16 04:25:24.135,0.29
2016-08-16 04:25:57.735,0.774
2016-08-16 04:26:31.335,1
2016-08-16 04:27:04.935,1.614
2016-08-16 04:27:38.535,2.455
2016-08-16 04:28:12.135,3.565
2016-08-16 04:28:45.735,1.613
2016-08-16 04:29:19.335,2.696
2016-08-16 04:29:52.935,0.442
2016-08-16 04:30:26.535,1.175
2016-08-16 04:31:00.135,0.621
2016-08-16 04:31:33.735,2.022
2016-08-16 04:32:07.335,3.792
2016-08-16 04:32:40.935,0.671
2016-08-16 04:33:14.535,0.54
2016-08-16 04:33:48.135,1.671
2016-08-16 04:34:21.735,0.89
2016-08-16 04:34:55.335,1.013
2016-08-16 04:35:28.935,2.729
2016-08-16 04:36:02.535,2.18
2016-08-16 04:36:36.135,1.022
2016-08-16 04:37:09.735,2.718
2016-08-16 04:37:43.335,1.444
2016-08-16 04:38:16.935,1.28
2016-08-16 04:38:50.535,2.217
2016-08-16 04:39:24.135,0.643
2016-08-16 04:39:57.735,3.315
2016-08-16 04:40:31.335,1.454
2016-08-16 04:41:04.935,0.675
2016-08-16 04:41:38.535,0.877
2016-08-16 04:42:12.135,1.418
2016-08-16 04:42:45.735,0.879
2016-08-16 04:43:19.335,1.108
2016-08-16 04:43:52.935,0.949
2016-08-16 04:44:26.535,1.678
2016-08-16 04:45:00.135,4.833
2016-08-16 04:45:33.735,0.563
2016-08-16 04:46:07.335,0.95
2016-08-16 04:46:40.935,1.389
2016-08-16 04:47:14.535,0.373
2016-08-16 04:47:48.135,0.426
2016-08-16 04:48:21.735,1.376
2016-08-16 04:48:55.335,1.334
2016-08-16 04:49:28.935,2.548
2016-08-16 04:50:02.535,4.628
2016-08-16 04:50:36.135,4.503
2016-08-16 04:51:09.735,3.255
2016-08-16 04:51:43.335,2.948
2016-08-16 08:07:52.935,1.047
2016-08-16 08:08:26.535,0.78
2016-08-16 08:09:00.135,1.674
2016-08-16 08:09:33.735,1.219
2016-08-16 08:10:07.335,2.387
2016-08-16 08:10:40.935,1.435
2016-08-16 08:11:14.535,0.948
2016-08-16 08:11:48.135,1.149
2016-08-16 08:12:21.735,1.378
2016-08-16 08:12:55.335,3.405
2016-08-16 08:13:28.935,1.383
2016-08-16 08:14:02.535,1.014
2016-08-16 08:14:36.135,0.821
2016-08-16 08:15:09.735,2.798
2016-08-16 08:15:43.335,1.531
2016-08-16 08:16:16.935,0.593
2016-08-16 08:16:50.535,1.698
2016-08-16 08:17:24.135,2.333
2016-08-16 08:17:57.735,0.706
2016-08-16 08:18:31.335,2.209
2016-08-16 08:19:04.935,2.017
2016-08-16 08:19:38.535,0.816
2016-08-16 08:20:12.135,4.937
2016-08-16 08:20:45.735,2.314
2016-08-16 08:21:19.335,1.219
2016-08-16 08:21:52.935,5.809
2016-08-16 08:22:26.535,1.648
2016-08-16 08:23:00.135,3.096
2016-08-16 08:23:33.735,1.898
2016-08-16 08:24:07.335,2.834
2016-08-16 08:24:40.935,1.309
2016-08-16 08:25:14.535,2.811
2016-08-16 08:25:48.135,0.704
2016-08-16 08:26:21.735,0.388
2016-08-16 08:26:55.335,1.157
2016-08-16 08:27:28.935,1.362
2016-08-16 08:28:02.535,0.709
2016-08-16 08:28:36.135,0.374
2016-08-16 08:29:09.735,0.604
2016-08-16 08:29:43.335,1.079
2016-08-16 08:30:16.935,2.303
2016-08-16 08:30:50.535,3.223
2016-08-16 08:31:24.135,2.343
2016-08-16 08:31:57.735,2.113
2016-08-16 08:32:31.335,2.631
2016-08-16 08:33:04.935,0.642
2016-08-16 08:33:38.535,2.206
2016-08-16 08:34:12.135,0.289
2016-08-16 08:34:45.735,2.685
2016-08-16 08:35:19.335,1.73
2016-08-16 08:35:52.935,3.523
2016-08-16 08:36:26.535,2.092
2016-08-16 08:37:00.135,0.324
2016-08-16 08:37:33.735,0.22
2016-08-16 08:38:07.335,2.607
2016-08-16 08:38:40.935,1.43
2016-08-16 08:39:14.535,1.677
2016-08-16 08:39:48.135,1.779
2016-08-16 08:40:21.735,1.295
2016-08-16 08:40:55.335,1.314
2016-08-16 08:41:28.935,1.849
2016-08-16 08:42:02.535,1.634
2016-08-16 08:42:36.135,1.703
2016-08-16 08:43:09.735,0.596
2016-08-16 08:43:43.335,0.5
2016-08-16 08:44:16.935,2.687
2016-08-16 08:44:50.535,3.535
2016-08-16 08:45:24.135,0.104
2016-08-16 08:45:57.735,1.052
2016-08-16 08:46:31.335,2.144
2016-08-16 08:47:04.935,1.601
2016-08-16 08:47:38.535,3.06
2016-08-16 08:48:12.135,0.224
2016-08-16 08:48:45.735,1.537
2016-08-16 08:49:19.335,0.628
2016-08-16 08:49:52.935,3.302
2016-08-16 08:50:26.535,1.267
2016-08-16 08:51:00.135,1.883
2016-08-16 08:51:33.735,0.964
2016-08-16 08:52:07.335,1.147
2016-08-16 08:52:40.935,1.23
2016-08-16 08:53:14.535,1.752
2016-08-16 08:53:48.135,1.139
2016-08-16 08:54:21.735,2.976
2016-08-16 08:54:55.335,1.981
2016-08-16 08:55:28.935,0.84
2016-08-16 08:56:02.535,1.917
2016-08-16 08:56:36.135,7.206
2016-08-16 08:57:09.735,0.379
2016-08-16 08:57:43.335,0.761
2016-08-16 08:58:16.935,0.903
2016-08-16 08:58:50.535,1.831
2016-08-16 08:59:24.135,1.803
2016-08-16 08:59:57.735,0.333
2016-08-16 09:00:31.335,0.778
2016-08-16 09:01:04.935,1.807
2016-08-16 09:01:38.535,2.644
2016-08-16 09:02:12.135,3.165
2016-08-16 09:02:45.735,1.061
2016-08-16 09:03:19.335,1.223
2016-08-16 09:03:52.935,2.918
2016-08-16 09:04:26.535,1.411
2016-08-16 09:05:00.135,2.949
2016-08-16 09:05:33.735,1.616
2016-08-16 09:06:07.335,0.385
2016-08-16 09:06:40.935,2.963
2016-08-16 09:07:14.535,1.315
2016-08-16 09:07:48.135,1.324
2016-08-16 09:08:21.735,3.772
2016-08-16 09:08:55.335,1.564
2016-08-16 09:09:28.935,0.053
2016-08-16 09:10:02.535,4.581
2016-08-16 09:10:36.135,1.022
2016-08-16 09:11:09.735,1.614
2016-08-16 09:11:43.335,0.334
2016-08-16 09:12:16.935,3.165
2016-08-16 09:12:50.535,0.628
2016-08-16 09:13:24.135,3.331
2016-08-16 09:13:57.735,1.689
2016-08-16 09:14:31.335,3.33
2016-08-16 09:15:04.935,3.155
2016-08-16 09:15:38.535,7.859
2016-08-16 09:16:12.135,2.432
2016-08-16 09:16:45.735,1.631
2016-08-16 09:17:19.335,0.167
2016-08-16 09:17:52.935,1.226
2016-08-16 09:18:26.535,1.598
2016-08-16 09:19:00.135,0.529
2016-08-16 09:19:33.735,2.111
2016-08-16 09:20:07.335,0.426
2016-08-16 09:20:40.935,0.901
2016-08-16 09:21:14.535,0.883
2016-08-16 09:21:48.135,0.761
2016-08-16 09:22:21.735,0.829
2016-08-16 09:22:55.335,0.594
2016-08-16 09:23:28.935,0.392
2016-08-16 09:24:02.535,1.028
2016-08-16 09:24:36.135,1.979
2016-08-16 09:25:09.735,0.827
2016-08-16 09:25:43.335,0.597
2016-08-16 09:26:16.935,0.69
2016-08-16 09:26:50.535,1.739
2016-08-16 09:27:24.135,0.223
2016-08-16 09:27:57.735,1.507
2016-08-16 09:28:31.335,1.025
2016-08-16 09:29:04.935,0.455
2016-08-16 09:29:38.535,3.208
2016-08-16 09:30:12.135,0.519
2016-08-16 09:30:45.735,1.205
2016-08-16 09:31:19.335,1.625
2016-08-16 09:31:52.935,0.779
2016-08-16 09:32:26.535,0.81
2016-08-16 09:33:00.135,0.697
2016-08-16 09:33:33.735,1.726
2016-08-16 09:34:07.335,2.552
2016-08-16 09:34:40.935,0
2016-08-16 09:35:14.535,0
2016-08-16 09:35:48.135,0
2016-08-16 09:36:21.735,0.565
2016-08-16 09:36:55.335,0
2016-08-16 09:37:28.935,0
2016-08-16 09:38:02.535,0
2016-08-16 09:38:36.135,0
2016-08-16 09:39:09.735,0
2016-08-16 09:39:43.335,0
2016-08-16 09:40:16.935,0
2016-08-16 09:40:50.535,0
2016-08-16 09:41:24.135,0
2016-08-16 09:41:57.735,0
2016-08-16 09:42:31.335,0
2016-08-16 09:43:04.935,0
2016-08-16 09:43:38.535,0
2016-08-16 09:44:12.135,0
2016-08-16 09:44:45.735,0
2016-08-16 09:45:19.335,0
2016-08-16 09:45:52.935,0
2016-08-16 09:46:26.535,0
2016-08-16 09:47:00.135,0
2016-08-16 09:47:33.735,0
2016-08-16 09:48:07.335,0
2016-08-16 09:48:40.935,0
2016-08-16 09:49:14.535,0.518
2016-08-16 09:49:48.135,0
2016-08-16 09:50:21.735,0
2016-08-16 09:50:55.335,0
2016-08-16 09:51:28.935,0
2016-08-16 09:52:02.535,0
2016-08-16 09:52:36.135,0
2016-08-16 09:53:09.735,0
2016-08-16 09:53:43.335,0
2016-08-16 09:54:16.935,0.536
2016-08-16 09:54:50.535,2.292
2016-08-16 09:55:24.135,1.644
2016-08-16 09:55:57.735,0.276
2016-08-16 09:56:31.335,2.706
2016-08-16 09:57:04.935,0.971
2016-08-16 09:57:38.535,0.574
2016-08-16 09:58:12.135,1.342
2016-08-16 09:58:45.735,1.014
2016-08-16 09:59:19.335,0.598
2016-08-16 09:59:52.935,1.8
2016-08-16 10:00:26.535,1.369
2016-08-16 10:01:00.135,1.252
2016-08-16 10:01:33.735,1.914
2016-08-16 10:02:07.335,2.614
2016-08-16 10:02:40.935,0.439
2016-08-16 10:03:14.535,1.351
2016-08-16 10:03:48.135,0.609
2016-08-16 10:04:21.735,0.233
2016-08-16 10:04:55.335,0.783
2016-08-16 10:05:28.935,0.594
2016-08-16 10:06:02.535,3.364
2016-08-16 10:06:36.135,0.934
2016-08-16 10:07:09.735,1.47
2016-08-16 10:07:43.335,2.28
2016-08-16 10:08:16.935,0.645
2016-08-16 10:08:50.535,1.608
2016-08-16 10:09:24.135,1.48
2016-08-16 10:09:57.735,0.156
2016-08-16 10:10:31.335,5.677
2016-08-16 10:11:04.935,0.447
2016-08-16 10:11:38.535,0.836
2016-08-16 10:12:12.135,1.806
2016-08-16 10:12:45.735,2.938
2016-08-16 10:13:19.335,2.099
2016-08-16 10:13:52.935,0.43
2016-08-16 10:14:26.535,2.259
2016-08-16 10:15:00.135,2.334
2016-08-16 10:15:33.735,3.848
2016-08-16 10:16:07.335,1.733
2016-08-16 10:16:40.935,0.567
2016-08-16 10:17:14.535,0.426
2016-08-16 10:17:48.135,1.569
2016-08-16 10:18:21.735,2.702
2016-08-16 10:18:55.335,0.716
2016-08-16 10:19:28.935,1.229
2016-08-16 10:20:02.535,0.712
2016-08-16 10:20:36.135,0.324
2016-08-16 10:21:09.735,3.34
2016-08-16 10:21:43.335,1.372
2016-08-16 10:22:16.935,1.84
2016-08-16 10:22:50.535,0.761
2016-08-16 10:23:24.135,0.594
2016-08-16 10:23:57.735,2.141
2016-08-16 10:24:31.335,1.758
2016-08-16 10:25:04.935,6.07
2016-08-16 10:25:38.535,2.402
2016-08-16 10:26:12.135,1.205
2016-08-16 10:26:45.735,143.736
2016-08-16 10:27:19.335,2.724
2016-08-16 10:27:52.935,1.363
2016-08-16 10:28:26.535,0.59
2016-08-16 10:29:00.135,2.558
2016-08-16 10:29:33.735,0.174
2016-08-16 10:30:07.335,1.382
2016-08-16 10:30:40.935,1.561
2016-08-16 10:31:14.535,0.571
2016-08-16 10:31:48.135,0.501
2016-08-16 10:32:21.735,0.783
2016-08-16 10:32:55.335,2.217
2016-08-16 10:33:28.935,1069.569
2016-08-16 10:34:02.535,0.554
2016-08-16 10:34:36.135,1.49
2016-08-16 10:35:09.735,1.445
2016-08-16 10:35:43.335,1.255
2016-08-16 10:36:16.935,1.897
2016-08-16 10:36:50.535,1.083
2016-08-16 10:37:24.135,1.805
2016-08-16 10:37:57.735,2.294
2016-08-16 10:38:31.335,0.503
2016-08-16 10:39:04.935,4.558
2016-08-16 10:39:38.535,1.755
2016-08-16 10:40:12.135,2.67
2016-08-16 10:40:45.735,2.135
2016-08-16 10:41:19.335,2.129
2016-08-16 10:41:52.935,3.883
2016-08-16 10:42:26.535,2.989
2016-08-16 10:43:00.135,1.566
2016-08-16 10:43:33.735,1.489
2016-08-16 10:44:07.335,3.725
2016-08-16 10:44:40.935,2.229
2016-08-16 10:45:14.535,2.647
2016-08-16 10:45:48.135,4.191
2016-08-16 10:46:21.735,1.514
2016-08-16 10:46:55.335,0.051
2016-08-16 10:47:28.935,1.626
2016-08-16 10:48:02.535,1.305
2016-08-16 10:48:36.135,1.293
2016-08-16 10:49:09.735,0.667
2016-08-16 10:49:43.335,1.468
2016-08-16 10:50:16.935,0.883
2016-08-16 10:50:50.535,1.689
2016-08-16 10:51:24.135,0.336
2016-08-16 10:51:57.735,1.86
2016-08-16 10:52:31.335,1.12
2016-08-16 10:53:04.935,1.009
2016-08-16 10:53:38.535,1.308
2016-08-16 10:54:12.135,0.665
2016-08-16 10:54:45.735,0.637
2016-08-16 10:55:19.335,1.886
2016-08-16 10:55:52.935,0.993
2016-08-16 10:56:26.535,1.279
2016-08-16 10:57:00.135,1.552
2016-08-16 10:57:33.735,0.761
2016-08-16 10:58:07.335,1.041
2016-08-16 10:58:40.935,1.52
2016-08-16 10:59:14.535,4.043
2016-08-16 10:59:48.135,4.637
2016-08-16 11:00:21.735,1057.206
2016-08-16 11:00:55.335,1052.685
2016-08-16 11:01:28.935,1055.777
2016-08-16 11:02:02.535,1068.494
2016-08-16 11:02:36.135,1056.029
2016-08-16 11:03:09.735,1056.799
2016-08-16 11:03:43.335,2.609
2016-08-16 11:04:16.935,1050.882
2016-08-16 11:04:50.535,1066.397
2016-08-16 11:05:24.135,1053.415
2016-08-16 11:05:57.735,1042.911
2016-08-16 11:06:31.335,0.655
2016-08-16 11:07:04.935,1063.394
2016-08-16 11:07:38.535,1064.433
2016-08-16 11:08:12.135,1052.247
2016-08-16 11:08:45.735,1048.642
2016-08-16 11:09:19.335,1.964
2016-08-16 11:09:52.935,1052.149
2016-08-16 11:10:26.535,1055.286
2016-08-16 11:11:00.135,1054.086
2016-08-16 11:11:33.735,1044.175
2016-08-16 11:12:07.335,0.703
2016-08-16 11:12:40.935,1.603
2016-08-16 11:13:14.535,1056.929
2016-08-16 11:13:48.135,1059.504
2016-08-16 11:14:21.735,1044.942
2016-08-16 11:14:55.335,1049.279
2016-08-16 11:15:28.935,4.153
2016-08-16 11:16:02.535,1.153
2016-08-16 11:16:36.135,2.058
2016-08-16 11:17:09.735,2.643
2016-08-16 11:17:43.335,0.878
2016-08-16 11:18:16.935,1.696
2016-08-16 11:18:50.535,1.945
2016-08-16 15:12:12.135,0.486
2016-08-16 15:12:45.735,0.477
2016-08-16 15:13:19.335,1.361
2016-08-16 15:13:52.935,0.378
2016-08-16 15:14:26.535,0.808
2016-08-16 15:15:00.135,2.628
2016-08-16 15:15:33.735,8.378
2016-08-16 15:16:07.335,9.69
2016-08-16 15:16:40.935,10.938
2016-08-16 15:17:14.535,1.494
2016-08-16 15:17:48.135,2.067
2016-08-16 15:18:21.735,9.279
2016-08-16 15:18:55.335,1.373
2016-08-16 15:19:28.935,1.491
2016-08-16 15:20:02.535,7.611
2016-08-16 15:20:36.135,0.551
2016-08-16 15:21:09.735,9.275
2016-08-16 15:21:43.335,0.314
2016-08-16 15:22:16.935,0.384
2016-08-16 15:22:50.535,10.552
2016-08-16 15:23:24.135,0.842
2016-08-16 15:23:57.735,2.253
2016-08-16 15:24:31.335,0.504
2016-08-16 15:25:04.935,1.587
2016-08-16 15:25:38.535,0.228
2016-08-16 15:26:12.135,2.364
2016-08-16 15:26:45.735,1.045
2016-08-16 15:27:19.335,0.823
2016-08-16 15:27:52.935,0.338
2016-08-16 15:28:26.535,0.793
2016-08-16 15:29:00.135,2.281
2016-08-16 15:29:33.735,1.669
2016-08-16 15:30:07.335,1.03
2016-08-16 15:30:40.935,1.563
2016-08-16 15:31:14.535,0.233
2016-08-16 15:31:48.135,2.225
2016-08-16 15:32:21.735,2.441
2016-08-16 15:32:55.335,1.836
2016-08-16 15:33:28.935,0.109
2016-08-16 15:34:02.535,1.292
2016-08-16 15:34:36.135,1.832
2016-08-16 15:35:09.735,0.101
2016-08-16 15:35:43.335,2.193
2016-08-16 15:36:16.935,7.238
2016-08-16 15:36:50.535,0.517
2016-08-16 15:37:24.135,2.372
2016-08-16 15:37:57.735,0.878
2016-08-16 15:38:31.335,1.493
2016-08-16 15:39:04.935,0.668
2016-08-16 15:39:38.535,0.897
2016-08-16 15:40:12.135,1.021
2016-08-16 15:40:45.735,1.63
2016-08-16 15:41:19.335,1.329
2016-08-16 15:41:52.935,0.827
2016-08-16 15:42:26.535,3.627
2016-08-16 15:43:00.135,1.522
2016-08-16 15:43:33.735,1.125
2016-08-16 15:44:07.335,0.984
2016-08-16 15:44:40.935,0.821
2016-08-16 15:45:14.535,1.967
2016-08-16 15:45:48.135,0.683
2016-08-16 15:46:21.735,1.664
2016-08-16 15:46:55.335,0
2016-08-16 15:47:28.935,0
2016-08-16 15:48:02.535,0
2016-08-16 15:48:36.135,0
2016-08-16 15:49:09.735,0
2016-08-16 15:49:43.335,0
2016-08-16 15:50:16.935,0
2016-08-16 15:50:50.535,0.618
2016-08-16 15:51:24.135,0
2016-08-16 15:51:57.735,0
2016-08-16 15:52:31.335,0
2016-08-16 15:53:04.935,0
2016-08-16 15:53:38.535,0
2016-08-16 15:54:12.135,0
2016-08-16 15:54:45.735,0
2016-08-16 15:55:19.335,0
2016-08-16 15:55:52.935,0
2016-08-16 15:56:26.535,0
2016-08-16 15:57:00.135,0.599
2016-08-16 15:57:33.735,0
2016-08-16 15:58:07.335,0
2016-08-16 15:58:40.935,0
2016-08-16 15:59:14.535,0.342
2016-08-16 15:59:48.135,0.054
2016-08-16 16:00:21.735,0.981
2016-08-16 16:00:55.335,4.061
2016-08-16 16:01:28.935,0.696
2016-08-16 16:02:02.535,121.216
2016-08-16 16:02:36.135,1.693
2016-08-16 16:03:09.735,1.746
2016-08-16 16:03:43.335,1.347
2016-08-16 16:04:16.935,2.773
2016-08-16 16:04:50.535,1.158
2016-08-16 16:05:24.135,1.446
2016-08-16 16:05:57.735,1.295
2016-08-16 16:06:31.335,0.66
2016-08-16 16:07:04.935,1.737
2016-08-16 16:07:38.535,7.454
2016-08-16 16:08:12.135,1022.139
2016-08-16 16:08:45.735,0.946
2016-08-16 16:09:19.335,1023.744
2016-08-16 16:09:52.935,1.803
2016-08-16 16:10:26.535,1027.316
2016-08-16 16:11:00.135,0.585
2016-08-16 16:11:33.735,3.29
2016-08-16 16:12:07.335,3.596
2016-08-16 16:12:40.935,1.721
2016-08-16 16:13:14.535,2.256
2016-08-16 16:13:48.135,3.012
2016-08-16 16:14:21.735,0.494
2016-08-16 16:14:55.335,0.633
2016-08-16 16:15:28.935,1.595
2016-08-16 16:16:02.535,2.011
2016-08-16 16:16:36.135,3.435
2016-08-16 16:17:09.735,4.479
2016-08-16 16:17:43.335,4.026
2016-08-16 16:18:16.935,1001.585
2016-08-16 16:18:50.535,1023.777
2016-08-16 16:19:24.135,1022.697
2016-08-16 16:19:57.735,1010.586
2016-08-16 16:20:31.335,1019.223
2016-08-16 16:21:04.935,1025.81
2016-08-16 16:21:38.535,1027.379
2016-08-16 16:22:12.135,1029.975
2016-08-16 16:22:45.735,1004.238
2016-08-16 16:23:19.335,1026.693
2016-08-16 16:23:52.935,1014.638
2016-08-16 16:24:26.535,1030.467
2016-08-16 16:25:00.135,1021.023
2016-08-16 16:25:33.735,1013.015
2016-08-16 16:26:07.335,1024.826
2016-08-16 16:26:40.935,1024.937
2016-08-16 16:27:14.535,1014.955
2016-08-16 16:27:48.135,1018.487
2016-08-16 16:28:21.735,1022.74
2016-08-16 16:28:55.335,1026.748
2016-08-16 16:29:28.935,3.518
2016-08-16 16:30:02.535,0.919
2016-08-16 16:30:36.135,1.574
2016-08-16 16:31:09.735,0.991
2016-08-16 16:31:43.335,1.159
2016-08-16 16:32:16.935,0.998
2016-08-16 16:32:50.535,1.168
2016-08-16 16:33:24.135,1.185
2016-08-16 16:33:57.735,0.558
2016-08-16 16:34:31.335,4.747
2016-08-16 16:35:04.935,1.595
2016-08-16 16:35:38.535,2.208
2016-08-16 16:36:12.135,1.087
2016-08-16 16:36:45.735,0.848
2016-08-16 16:37:19.335,0.723
2016-08-16 16:37:52.935,0.698
2016-08-16 16:38:26.535,0.528
2016-08-16 16:39:00.135,2.922
2016-08-16 16:39:33.735,4.238
2016-08-16 16:40:07.335,0.557
2016-08-16 16:40:40.935,2.545
2016-08-16 16:41:14.535,0.724
2016-08-16 16:41:48.135,0.548
2016-08-16 16:42:21.735,1.352
2016-08-16 16:42:55.335,1.761
2016-08-16 16:43:28.935,1.228
2016-08-16 16:44:02.535,0.796
2016-08-16 16:44:36.135,0.485
2016-08-16 16:45:09.735,0.568
2016-08-16 16:45:43.335,3.261
2016-08-16 16:46:16.935,1.048
2016-08-16 16:46:50.535,0.569
2016-08-16 16:47:24.135,1.03
2016-08-16 16:47:57.735,0.529
2016-08-16 16:48:31.335,1.188
2016-08-16 16:49:04.935,2.061
2016-08-16 16:49:38.535,0.77
2016-08-16 16:50:12.135,1.886
2016-08-16 16:50:45.735,1.549
2016-08-16 16:51:19.335,3.086
2016-08-16 16:51:52.935,4.802
2016-08-16 16:52:26.535,0.685
2016-08-16 16:53:00.135,0.644
2016-08-16 16:53:33.735,1.83
2016-08-16 16:54:07.335,1.16
2016-08-16 16:54:40.935,4.449
2016-08-16 16:55:14.535,0.339
2016-08-16 16:55:48.135,0.513
2016-08-16 16:56:21.735,1.053
2016-08-16 16:56:55.335,1.41
2016-08-16 16:57:28.935,1.548
2016-08-16 16:58:02.535,0.325
2016-08-16 16:58:36.135,1.578
2016-08-16 16:59:09.735,1.582
2016-08-16 16:59:43.335,15.475
2016-08-16 17:00:16.935,1.423
2016-08-16 17:00:43.335,0.282
2016-08-16 17:01:09.735,2.025
2016-08-16 17:01:36.135,1.49
2016-08-16 17:02:02.535,1.358
2016-08-16 17:02:28.935,2.425
2016-08-16 17:02:55.335,1.499
2016-08-16 17:03:21.735,0.583
2016-08-16 17:03:48.135,3.037
2016-08-16 17:04:14.535,2.734
2016-08-16 17:04:40.935,1.454
2016-08-16 17:05:07.335,2.386
2016-08-16 17:05:33.735,0.826
2016-08-16 17:06:00.135,2.553
2016-08-16 17:06:26.535,1.249
2016-08-16 17:06:52.935,2.589
2016-08-16 17:07:19.335,0.999
2016-08-16 17:07:45.735,3.113
2016-08-16 17:08:12.135,2.629
2016-08-16 17:08:38.535,1.039
2016-08-16 17:09:04.935,1.794
2016-08-16 17:09:31.335,13.248
2016-08-16 17:09:57.735,1.413
2016-08-16 17:10:24.135,4.467
2016-08-16 17:10:50.535,2.027
2016-08-16 17:11:16.935,13.546
2016-08-16 17:11:43.335,3.216
2016-08-16 17:12:09.735,1.33
2016-08-16 17:12:36.135,13.849
2016-08-16 17:13:02.535,3.071
2016-08-16 17:13:28.935,1.436
2016-08-16 17:13:55.335,0.705
2016-08-16 17:14:21.735,0.898
2016-08-16 17:14:48.135,2.364
2016-08-16 17:15:14.535,0.158
2016-08-16 17:15:40.935,0.216
2016-08-16 17:16:07.335,15.751
2016-08-16 17:16:33.735,4.573
2016-08-16 17:17:00.135,3.111
2016-08-16 17:17:26.535,2.29
2016-08-16 17:17:52.935,0.053
2016-08-16 17:18:19.335,1.191
2016-08-16 17:18:45.735,1.956
2016-08-16 17:19:12.135,0.616
2016-08-16 17:19:38.535,0.782
2016-08-16 17:20:04.935,1.955
2016-08-16 17:20:31.335,1.483
2016-08-16 17:20:57.735,2.809
2016-08-16 17:21:24.135,1.344
2016-08-16 17:21:50.535,0.496
2016-08-16 17:22:16.935,1.364
2016-08-16 17:22:43.335,1.804
2016-08-16 17:23:09.735,0.974
2016-08-16 17:23:36.135,1.244
2016-08-16 17:24:02.535,1.11
2016-08-16 17:24:28.935,1.256
2016-08-16 17:24:55.335,1.29
2016-08-16 17:25:21.735,4.018
2016-08-16 17:25:48.135,1.42
2016-08-16 17:26:14.535,1.349
2016-08-16 17:26:40.935,1.758
2016-08-16 17:27:07.335,0.742
2016-08-16 17:27:33.735,0.855
2016-08-16 17:28:00.135,0.975
2016-08-16 17:28:26.535,0.543
2016-08-16 17:28:52.935,0.504
2016-08-16 17:29:19.335,1.284
2016-08-16 17:29:45.735,1.052
2016-08-16 17:30:12.135,14.766
2016-08-16 17:30:38.535,15.572
2016-08-16 17:31:04.935,15.522
2016-08-16 17:31:31.335,12.999
2016-08-16 17:31:57.735,12.855
2016-08-16 17:32:24.135,0.736
2016-08-16 17:32:50.535,1.398
2016-08-16 17:33:16.935,1.338
2016-08-16 17:33:43.335,2.941
2016-08-16 17:34:09.735,0.417
2016-08-16 17:34:36.135,1.014
2016-08-16 17:35:02.535,1.208
2016-08-16 17:35:28.935,0.058
2016-08-16 17:35:55.335,1.399
2016-08-16 17:36:21.735,1.273
2016-08-16 17:36:48.135,2.625
2016-08-16 17:37:14.535,2.967
2016-08-16 17:37:40.935,3.557
2016-08-16 17:38:07.335,0.954
2016-08-16 17:38:33.735,1.339
2016-08-16 17:39:00.135,3.784
2016-08-16 17:39:26.535,1.106
2016-08-16 17:39:52.935,4.963
2016-08-16 17:40:19.335,1.491
2016-08-16 17:40:45.735,14.878
2016-08-16 17:41:12.135,12.817
2016-08-16 17:41:38.535,12.925
2016-08-16 17:42:04.935,12.55
2016-08-16 17:42:31.335,15.453
2016-08-16 17:42:57.735,14.595
2016-08-16 17:43:24.135,13.493
2016-08-16 17:43:50.535,14.276
2016-08-16 17:44:16.935,13.252
2016-08-16 17:44:43.335,0.769
2016-08-16 17:45:09.735,1.513
2016-08-16 17:45:36.135,0.968
2016-08-16 17:46:02.535,0.7
2016-08-16 17:46:28.935,4.55
2016-08-16 17:46:55.335,2.068
2016-08-16 17:47:21.735,0.782
2016-08-16 17:47:48.135,1.217
2016-08-16 17:48:14.535,0.439
2016-08-16 17:48:40.935,4.181
2016-08-16 17:49:07.335,0.576
2016-08-16 17:49:33.735,2.904
2016-08-16 17:50:00.135,1.81
2016-08-16 17:50:26.535,14.066
2016-08-16 17:50:52.935,1.171
2016-08-16 17:51:19.335,3.044
2016-08-16 17:51:45.735,1.883
2016-08-16 17:52:12.135,15.206
2016-08-16 17:52:38.535,2.633
2016-08-16 17:53:04.935,1.649
2016-08-16 17:53:31.335,5.153
2016-08-16 17:53:57.735,0.239
2016-08-16 17:54:24.135,2.817
2016-08-16 17:54:50.535,1.052
2016-08-16 17:55:16.935,6.297
2016-08-16 17:55:43.335,0.347
2016-08-16 17:56:09.735,0.453
2016-08-16 17:56:36.135,13.257
2016-08-16 17:57:02.535,1.358
2016-08-16 17:57:28.935,12.991
2016-08-16 17:57:55.335,0.729
2016-08-16 17:58:21.735,2.017
2016-08-16 17:58:48.135,1.096
2016-08-16 17:59:14.535,1.442
2016-08-16 17:59:40.935,1.44
2016-08-16 18:00:07.335,1.234
2016-08-16 18:00:33.735,0.984
2016-08-16 18:01:00.135,0.513
2016-08-16 18:01:26.535,0.83
2016-08-16 18:01:52.935,0.945
2016-08-16 18:02:19.335,1.163
2016-08-16 18:02:45.735,2.917
2016-08-16 18:03:12.135,0.962
2016-08-16 18:03:38.535,0.519
2016-08-16 18:04:04.935,0.484
2016-08-16 18:04:31.335,2.383
2016-08-16 18:04:57.735,12.22
2016-08-16 18:05:24.135,14.936
2016-08-16 18:05:50.535,15.027
2016-08-16 18:06:16.935,14.77
2016-08-16 18:06:43.335,14.541
2016-08-16 18:07:09.735,15.331
2016-08-16 18:07:36.135,15.016
2016-08-16 18:08:02.535,12.566
2016-08-16 18:08:28.935,15.65
2016-08-16 18:08:55.335,1.197
2016-08-16 18:09:21.735,0.473
2016-08-16 18:09:48.135,1.958
2016-08-16 18:10:14.535,1.153
2016-08-16 18:10:40.935,2.264
2016-08-16 18:11:07.335,1.351
2016-08-16 18:11:33.735,0.274
2016-08-16 18:12:00.135,0.936
2016-08-16 18:12:26.535,2.782
2016-08-16 18:12:52.935,0.744
2016-08-16 18:13:19.335,1.942
2016-08-16 18:13:45.735,1.452
2016-08-16 18:14:12.135,1.171
2016-08-16 18:14:38.535,1.075
2016-08-16 18:15:04.935,1.101
2016-08-16 18:15:31.335,0.439
2016-08-16 18:15:57.735,0.895
2016-08-16 18:16:24.135,0.881
2016-08-16 18:16:50.535,0.438
2016-08-16 18:17:16.935,1.484
2016-08-16 18:17:43.335,1.622
2016-08-16 18:18:09.735,1.841
2016-08-16 18:18:36.135,0.971
2016-08-16 18:19:02.535,4.853
2016-08-16 18:19:28.935,1.743
2016-08-16 18:19:55.335,2.935
2016-08-16 18:20:21.735,0.311
2016-08-16 18:20:48.135,0.263
2016-08-16 18:21:21.735,0.672
2016-08-16 18:21:55.335,0.715
2016-08-16 18:22:28.935,0.528
2016-08-16 18:23:02.535,1.381
2016-08-16 18:23:36.135,0
2016-08-16 18:24:09.735,0
2016-08-16 18:24:43.335,0
2016-08-16 18:25:16.935,0
2016-08-16 18:25:50.535,0
2016-08-16 18:26:24.135,0
2016-08-16 18:26:57.735,0
2016-08-16 18:27:31.335,0
2016-08-16 18:28:04.935,0
2016-08-16 18:28:38.535,0
2016-08-16 18:29:12.135,0
2016-08-16 18:29:45.735,0
2016-08-16 18:30:19.335,0
2016-08-16 18:30:52.935,0
2016-08-16 18:31:26.535,0
2016-08-16 18:32:00.135,0
2016-08-16 18:32:33.735,0.582
2016-08-16 18:33:07.335,0
2016-08-16 18:33:40.935,0
2016-08-16 18:34:14.535,0
2016-08-16 18:34:48.135,0
2016-08-16 18:35:21.735,0
2016-08-16 18:35:55.335,0
2016-08-16 18:36:28.935,0
2016-08-16 18:37:02.535,0
2016-08-16 18:37:36.135,1.197
2016-08-16 18:38:09.735,1.371
2016-08-16 18:38:43.335,124.37
2016-08-16 18:39:16.935,4.198
2016-08-16 18:39:50.535,1021.926
2016-08-16 18:40:24.135,1.763
2016-08-16 18:40:57.735,0.927
2016-08-16 18:41:31.335,5.82
2016-08-16 18:42:04.935,2.862
2016-08-16 18:42:38.535,2.798
2016-08-16 18:43:12.135,0.737
2016-08-16 18:43:45.735,1.935
2016-08-16 18:44:19.335,1.334
2016-08-16 18:44:52.935,2.217
2016-08-16 18:45:26.535,3.402
2016-08-16 18:46:00.135,2.548
2016-08-16 18:46:33.735,2.575
2016-08-16 18:47:07.335,1.328
2016-08-16 18:47:40.935,0.598
2016-08-16 18:48:14.535,2.747
2016-08-16 18:48:48.135,1.141
2016-08-16 18:49:21.735,0.215
2016-08-16 18:49:55.335,3.953
2016-08-16 18:50:28.935,0.599
2016-08-16 18:51:02.535,3.547
2016-08-16 18:51:36.135,1.953
2016-08-16 18:52:09.735,1.526
2016-08-16 18:52:43.335,2.732
2016-08-16 18:53:16.935,1.283
2016-08-16 18:53:50.535,0.488
2016-08-16 18:54:24.135,1016.196
2016-08-16 18:54:57.735,1019.179
2016-08-16 18:55:31.335,1.447
2016-08-16 18:56:04.935,1020.639
2016-08-16 18:56:38.535,1015.335
2016-08-16 18:57:12.135,1023.437
2016-08-16 18:57:45.735,1010.557
2016-08-16 18:58:19.335,1027.746
2016-08-16 18:58:52.935,1009.782
2016-08-16 18:59:26.535,1008.059
2016-08-16 19:00:00.135,1010.908
2016-08-16 19:00:33.735,1022.062
2016-08-16 19:01:07.335,0.966
2016-08-16 19:01:40.935,1025.637
2016-08-16 19:02:14.535,0.919
2016-08-16 19:02:48.135,1.384
2016-08-16 19:03:21.735,1.08
2016-08-16 19:03:55.335,0.374
2016-08-16 19:04:28.935,1.925
2016-08-16 19:05:02.535,2.609
2016-08-16 19:05:36.135,1.533
2016-08-16 19:06:09.735,0.575
2016-08-16 19:06:43.335,1.938
2016-08-16 19:07:16.935,2.382
2016-08-16 19:07:50.535,0.219
2016-08-16 19:08:24.135,1.524
2016-08-16 19:08:57.735,1.142
2016-08-16 19:09:31.335,0.736
2016-08-16 19:10:04.935,1.017
2016-08-16 19:10:38.535,1.265
2016-08-16 19:11:12.135,1.574
2016-08-16 19:11:45.735,0
2016-08-16 19:12:19.335,0
2016-08-16 19:12:52.935,0
2016-08-16 19:13:26.535,0
2016-08-16 19:14:00.135,0
2016-08-16 19:14:33.735,0
2016-08-16 19:15:07.335,0
2016-08-16 19:15:40.935,0
2016-08-16 19:16:14.535,0
2016-08-16 19:16:48.135,0
2016-08-16 19:17:21.735,0
2016-08-16 19:17:55.335,0
2016-08-16 19:18:28.935,0
2016-08-16 19:19:02.535,0
2016-08-16 19:19:36.135,0
2016-08-16 19:20:09.735,0
2016-08-16 19:20:43.335,0
2016-08-16 19:21:16.935,0
2016-08-16 19:21:50.535,0
2016-08-16 19:22:24.135,0
2016-08-16 19:22:57.735,0
2016-08-16 19:23:31.335,0
2016-08-16 19:24:04.935,0
2016-08-16 19:24:38.535,0
2016-08-16 19:25:12.135,0
2016-08-16 19:25:45.735,0
2016-08-16 19:26:19.335,0
2016-08-16 19:26:52.935,0
2016-08-16 19:27:26.535,0
2016-08-16 19:28:00.135,0
2016-08-16 19:28:33.735,0
2016-08-16 19:29:07.335,0
2016-08-16 19:29:40.935,0
2016-08-16 19:51:50.535,0
2016-08-16 19:52:24.135,0
2016-08-16 19:52:57.735,0
2016-08-16 19:53:31.335,0.526
2016-08-16 19:54:04.935,0
2016-08-16 19:54:38.535,0
2016-08-16 19:55:12.135,0
2016-08-16 19:55:45.735,0
2016-08-16 19:56:19.335,0
2016-08-16 19:56:52.935,0
2016-08-16 19:57:26.535,0
2016-08-16 19:58:00.135,0
2016-08-16 19:58:33.735,3.022
2016-08-16 19:59:07.335,1.22
2016-08-16 19:59:40.935,0.328
2016-08-16 20:00:14.535,0.729
2016-08-16 20:00:48.135,125.208
2016-08-16 20:01:21.735,0.952
2016-08-16 20:01:55.335,1.51
2016-08-16 20:02:28.935,1.139
2016-08-16 20:03:02.535,0.817
2016-08-16 20:03:36.135,1.173
2016-08-16 20:04:09.735,1.564
2016-08-16 20:04:43.335,0.753
2016-08-16 20:05:16.935,1.72
2016-08-16 20:05:50.535,2.747
2016-08-16 20:06:24.135,2.476
2016-08-16 20:06:57.735,0.836
2016-08-16 20:07:31.335,2.252
2016-08-16 20:08:04.935,5.183
2016-08-16 20:08:38.535,2.931
2016-08-16 20:09:12.135,1.986
2016-08-16 20:09:45.735,1.742
2016-08-16 20:10:19.335,2.122
2016-08-16 20:10:52.935,0.67
2016-08-16 20:11:26.535,4.129
2016-08-16 20:12:00.135,0.992
2016-08-16 20:12:33.735,0.272
2016-08-16 20:13:07.335,2.544
2016-08-16 20:13:40.935,0.863
2016-08-16 20:14:14.535,1.442
2016-08-16 20:14:48.135,0.892
2016-08-16 20:15:21.735,0.615
2016-08-16 20:15:55.335,0.504
2016-08-16 20:16:28.935,2.475
2016-08-16 20:17:02.535,1034.58
2016-08-16 20:17:36.135,1045.166
2016-08-16 20:18:09.735,1.195
2016-08-16 20:18:43.335,1030.894
2016-08-16 20:19:16.935,1025.112
2016-08-16 20:19:50.535,1039.862
2016-08-16 20:20:24.135,1021.502
2016-08-16 20:20:57.735,0.725
2016-08-16 20:21:31.335,1027.796
2016-08-16 20:22:04.935,1036.024
2016-08-16 20:22:38.535,1039.169
2016-08-16 20:23:12.135,1029.346
2016-08-16 20:23:45.735,1033.286
2016-08-16 20:24:19.335,1035.114
2016-08-16 20:24:52.935,1019.678
2016-08-16 20:25:26.535,1042.353
2016-08-16 20:26:00.135,1023.829
2016-08-16 20:26:33.735,1027.071
2016-08-16 20:27:07.335,1026.987
2016-08-16 20:27:40.935,1026.508
2016-08-16 20:28:14.535,1031.419
2016-08-16 20:28:48.135,1021.901
2016-08-16 20:29:21.735,1017.615
2016-08-16 20:29:55.335,1029.714
2016-08-16 20:30:28.935,1020.014
2016-08-16 20:31:02.535,1.883
2016-08-16 20:31:36.135,0.556
2016-08-16 20:32:09.735,1.169
2016-08-16 20:32:43.335,2.748
2016-08-16 20:33:16.935,0.811
2016-08-16 20:33:50.535,2.903
2016-08-16 20:34:24.135,1.555
2016-08-16 20:34:57.735,1.961
2016-08-16 20:35:31.335,2.686
2016-08-16 20:36:04.935,0.435
2016-08-16 20:36:38.535,0.712
2016-08-16 20:37:12.135,3.229
2016-08-16 20:37:45.735,1.722
2016-08-16 20:38:19.335,1.882
2016-08-16 20:38:52.935,0.592
2016-08-16 20:39:26.535,1.416
2016-08-16 20:40:00.135,1.438
2016-08-16 20:40:33.735,3.303
2016-08-16 20:41:07.335,1.802
2016-08-16 20:41:40.935,0.49
2016-08-16 20:42:14.535,1.24
2016-08-16 20:42:48.135,2.619
2016-08-16 20:43:21.735,15.789
2016-08-16 20:43:55.335,14.478
2016-08-16 20:44:28.935,14.091
2016-08-16 20:45:02.535,16.995
2016-08-16 20:45:36.135,15.299
2016-08-16 20:46:09.735,14.023
2016-08-16 20:46:43.335,14.316
2016-08-16 20:47:16.935,14.338
2016-08-16 20:47:50.535,16.763
2016-08-16 20:48:24.135,15.373
2016-08-16 20:48:57.735,15.168
2016-08-16 20:49:31.335,15.668
2016-08-16 20:50:04.935,15.032
2016-08-16 20:50:38.535,14.367
2016-08-16 20:51:12.135,17.073
2016-08-16 20:51:45.735,14.075
2016-08-16 20:52:19.335,14.93
2016-08-16 20:52:52.935,14.81
2016-08-16 20:53:26.535,16.748
2016-08-16 20:54:00.135,15.644
2016-08-16 20:54:33.735,17.157
2016-08-16 20:55:07.335,0.956
2016-08-16 20:55:40.935,1.028
2016-08-16 20:56:14.535,2.894
2016-08-16 20:56:48.135,2.277
2016-08-16 20:57:21.735,2.88
2016-08-16 20:57:55.335,1.973
2016-08-16 20:58:28.935,1.194
2016-08-16 20:59:02.535,2.112
2016-08-16 20:59:36.135,1.008
2016-08-16 21:00:09.735,1.512
2016-08-16 21:00:43.335,4.54
2016-08-16 21:01:16.935,1.214
2016-08-16 21:01:50.535,0.215
2016-08-16 21:02:24.135,0.667
2016-08-16 21:02:57.735,1.225
2016-08-16 21:03:31.335,0.791
2016-08-16 21:04:04.935,0.17
2016-08-16 21:04:38.535,1.797
2016-08-16 21:05:12.135,2.211
2016-08-16 21:05:45.735,3.337
2016-08-16 21:06:19.335,3.027
2016-08-16 21:06:52.935,13.141
2016-08-16 21:07:26.535,10.51
2016-08-16 21:08:00.135,11.98
2016-08-16 21:08:33.735,12.194
2016-08-16 21:09:07.335,10.944
2016-08-16 21:09:40.935,11.786
2016-08-16 21:10:14.535,12.98
2016-08-16 21:10:48.135,11.459
2016-08-16 21:11:21.735,11.523
2016-08-16 21:11:55.335,11.36
2016-08-16 21:12:28.935,11.248
2016-08-16 21:13:02.535,13.576
2016-08-16 21:13:36.135,16.831
2016-08-16 21:14:09.735,10.799
2016-08-16 21:14:43.335,12.402
2016-08-16 21:15:16.935,12.079
2016-08-16 21:15:50.535,11.503
2016-08-16 21:16:24.135,11.92
2016-08-16 21:16:57.735,13.508
2016-08-16 21:17:31.335,12.537
2016-08-16 21:18:04.935,13.473
2016-08-16 21:18:38.535,14.514
2016-08-16 21:19:12.135,12.119
2016-08-16 21:19:45.735,11.345
2016-08-16 21:20:19.335,12.838
2016-08-16 21:20:52.935,12.876
2016-08-16 21:21:26.535,12.136
2016-08-16 21:22:00.135,11.418
2016-08-16 21:22:33.735,12.006
2016-08-16 21:23:07.335,12.273
2016-08-16 21:23:40.935,14.721
2016-08-16 21:24:14.535,14.27
2016-08-16 21:24:48.135,14.129
2016-08-16 21:25:21.735,11.499
2016-08-16 21:25:55.335,11.263
2016-08-16 21:26:28.935,12.386
2016-08-16 21:27:02.535,12.778
2016-08-16 21:27:36.135,11.561
2016-08-16 21:28:09.735,12.622
2016-08-16 21:28:43.335,11.783
2016-08-16 21:29:16.935,11.453
2016-08-16 21:29:50.535,11.08
2016-08-16 21:30:24.135,11.708
2016-08-16 21:30:57.735,14.811
2016-08-16 21:31:31.335,10.151
2016-08-16 21:32:04.935,12.164
2016-08-16 21:32:38.535,11.367
2016-08-16 21:33:12.135,11.802
2016-08-16 21:33:45.735,12.636
2016-08-16 21:34:19.335,13.759
2016-08-16 21:34:52.935,12.979
2016-08-16 21:35:26.535,13.983
2016-08-16 21:36:00.135,11.17
2016-08-16 21:36:33.735,14.427
2016-08-16 21:37:07.335,12.988
2016-08-16 21:37:40.935,13.179
2016-08-16 21:38:14.535,13.66
2016-08-16 21:38:48.135,12.116
2016-08-16 21:39:21.735,13.302
2016-08-16 21:39:55.335,14.396
2016-08-16 21:40:28.935,3.141
2016-08-16 21:41:02.535,1.018
2016-08-16 21:41:36.135,2.133
2016-08-16 21:42:09.735,10.648
2016-08-16 21:42:43.335,12.479
2016-08-16 21:43:16.935,12.476
2016-08-16 21:43:50.535,13.522
2016-08-16 21:44:24.135,11.344
2016-08-16 21:44:57.735,10.915
2016-08-16 21:45:31.335,13.156
2016-08-16 21:46:04.935,11.84
2016-08-16 21:46:38.535,13.904
2016-08-16 21:47:12.135,13.229
2016-08-16 21:47:45.735,1.987
2016-08-16 21:48:19.335,0.792
2016-08-16 21:48:52.935,1.265
2016-08-16 21:49:26.535,0.714
2016-08-16 21:50:00.135,1.302
2016-08-16 21:50:33.735,3.975
2016-08-16 21:51:07.335,1.31
2016-08-16 21:51:40.935,1.055
2016-08-16 21:52:14.535,0.77
2016-08-16 21:52:48.135,2.935
2016-08-16 21:53:21.735,1.054
2016-08-16 21:53:55.335,1.422
2016-08-16 21:54:28.935,1.224
2016-08-16 21:55:02.535,0.664
2016-08-16 21:55:36.135,0.908
2016-08-16 21:56:09.735,0.853
2016-08-16 21:56:43.335,1.855
2016-08-16 21:57:16.935,1.805
2016-08-16 21:57:50.535,1.221
2016-08-16 21:58:24.135,1.021
2016-08-16 21:58:57.735,1.523
2016-08-16 21:59:31.335,1.685
2016-08-16 22:00:04.935,1.03
2016-08-16 22:00:38.535,1.312
2016-08-16 22:01:12.135,0.728
2016-08-16 22:01:45.735,0.747
2016-08-16 22:02:19.335,2.699
2016-08-16 22:02:52.935,1.044
2016-08-16 23:01:02.535,3.619
2016-08-16 23:01:36.135,0.278
2016-08-16 23:02:09.735,0.174
2016-08-16 23:02:43.335,2.235
2016-08-16 23:03:16.935,1.685
2016-08-16 23:03:50.535,0.497
2016-08-16 23:04:24.135,1.666
2016-08-16 23:04:57.735,0.386
2016-08-16 23:05:31.335,2.508
2016-08-16 23:06:04.935,1.757
2016-08-16 23:06:38.535,6.933
2016-08-16 23:07:12.135,0.438
2016-08-16 23:07:45.735,0.942
2016-08-16 23:08:19.335,1.612
2016-08-16 23:08:52.935,0.823
2016-08-16 23:09:26.535,2.505
2016-08-16 23:10:00.135,1.309
2016-08-16 23:10:33.735,3.384
2016-08-16 23:11:07.335,1.175
2016-08-16 23:11:40.935,1.718
2016-08-16 23:12:14.535,1.12
2016-08-16 23:12:48.135,2.559
2016-08-16 23:13:21.735,0.31
2016-08-16 23:13:55.335,0.707
2016-08-16 23:14:28.935,1.732
2016-08-16 23:15:02.535,0.758
2016-08-16 23:15:36.135,0.61
2016-08-16 23:16:09.735,1.405
2016-08-16 23:16:43.335,1.11
2016-08-16 23:17:16.935,1.159
2016-08-16 23:17:50.535,1.117
2016-08-16 23:18:24.135,2.39
2016-08-16 23:18:57.735,3.655
2016-08-16 23:19:31.335,1.637
2016-08-16 23:20:04.935,1.38
2016-08-16 23:20:38.535,2.293
2016-08-16 23:21:12.135,1.874
2016-08-16 23:21:45.735,0.101
2016-08-16 23:22:19.335,1.811
2016-08-16 23:22:52.935,0
2016-08-16 23:23:26.535,0
2016-08-16 23:24:00.135,0.457
2016-08-16 23:24:33.735,0
2016-08-16 23:25:07.335,0
2016-08-16 23:25:40.935,0
2016-08-16 23:26:14.535,0
2016-08-16 23:26:48.135,0
2016-08-16 23:27:21.735,0
2016-08-16 23:27:55.335,0
2016-08-16 23:28:28.935,0
2016-08-16 23:29:02.535,0
2016-08-16 23:29:36.135,0
2016-08-16 23:30:09.735,0
2016-08-16 23:30:43.335,0
2016-08-16 23:31:16.935,0
2016-08-16 23:31:50.535,0
2016-08-16 23:32:24.135,0
2016-08-16 23:32:57.735,0
2016-08-16 23:33:31.335,0
2016-08-16 23:34:04.935,0
2016-08-16 23:34:38.535,0
2016-08-16 23:35:12.135,126.516
2016-08-16 23:35:45.735,1.285
2016-08-16 23:36:19.335,1.054
2016-08-16 23:36:52.935,1.489
2016-08-16 23:37:26.535,1.128
2016-08-16 23:38:00.135,0.872
2016-08-16 23:38:33.735,1025.649
2016-08-16 23:39:07.335,1.406
2016-08-16 23:39:40.935,1026.155
2016-08-16 23:40:14.535,2.019
2016-08-16 23:40:48.135,1027.175
2016-08-16 23:41:21.735,0.786
2016-08-16 23:41:55.335,1019.258
2016-08-16 23:42:28.935,3.774
2016-08-16 23:43:02.535,1015.743
2016-08-16 23:43:36.135,0.915
2016-08-16 23:44:09.735,1025.485
2016-08-16 23:44:43.335,0.947
2016-08-16 23:45:16.935,1030.388
2016-08-16 23:45:50.535,2.274
2016-08-16 23:46:24.135,0.658
2016-08-16 23:46:57.735,1026.785
2016-08-16 23:47:31.335,1.102
2016-08-16 23:48:04.935,1025.326
2016-08-16 23:48:38.535,2.082
2016-08-16 23:49:12.135,2.914
2016-08-16 23:49:45.735,1.835
2016-08-16 23:50:19.335,1.95
2016-08-16 23:50:52.935,0.983
2016-08-16 23:51:26.535,1.128
2016-08-16 23:52:00.135,2.443
2016-08-16 23:52:33.735,1.08
2016-08-16 23:53:07.335,2.75
2016-08-16 23:53:40.935,0.735
2016-08-16 23:54:14.535,3.588
2016-08-16 23:54:48.135,0.756
2016-08-16 23:55:21.735,2.55
2016-08-16 23:55:55.335,0.626
2016-08-16 23:56:28.935,1.27
2016-08-16 23:57:02.535,2.023
2016-08-16 23:57:36.135,2.509
2016-08-16 23:58:09.735,4.315
2016-08-16 23:58:43.335,2.975
2016-08-16 23:59:16.935,1015.398
2016-08-16 23:59:50.535,0.942
